id,text,label
1,this app update left me feeling annoyed and let down.,
2,"the car rental experience turned out to be wonderful, I couldn't be happier.",
3,my commute to work turned out to be a frustrating experience overall.,
4,"this app update has been working perfectly, no complaints at all.",
5,the new policy at work turned out to be a frustrating experience overall.,
6,"I have mixed feelings about the customer service team, some parts were fine.",
7,"the customer support chat was okay, nothing special but nothing terrible either.",
8,"I'm really impressed with my commute to work, it exceeded my expectations.",
9,"I loved this app update, everything about it felt just right.",
10,the online course was fantastic from start to finish.,
11,"I would not recommend the new neighborhood to anyone, it was that bad.",
12,I don't have strong opinions about this app update either way.,
13,"the customer service team has been working perfectly, no complaints at all.",
14,"the grocery store checkout is pretty much what I expected, nothing more.",
15,"I loved my roommate's cooking, everything about it felt just right.",
16,"I'm really disappointed with the school cafeteria, it fell short of what I expected.",
17,"Honestly, the gym I joined ruined my whole afternoon.",
18,the movie we watched last night is scheduled to be reviewed again next month.,
19,my roommate's cooking has been causing nothing but problems lately.,
20,What a pleasant surprise this laptop turned out to be.,
21,"the printer at the office did its job, though it wasn't particularly memorable.",
22,the new phone I bought turned out to be a frustrating experience overall.,
23,my roommate's cooking left me feeling annoyed and let down.,
24,What a pleasant surprise our team meeting turned out to be.,
25,I don't have strong opinions about the delivery service either way.,
26,the keyboard I ordered has been causing nothing but problems lately.,
27,"I'm really disappointed with this recipe, it fell short of what I expected.",
28,"the wifi at the airport was okay, nothing special but nothing terrible either.",
29,the new neighborhood was fantastic from start to finish.,
30,What a pleasant surprise the customer service team turned out to be.,
31,I wish we had never bothered with the wifi at the airport.,
32,"Honestly, this restaurant made my day so much better.",
33,"this app update is pretty much what I expected, nothing more.",
34,"I loved the podcast episode, everything about it felt just right.",
35,What an unpleasant surprise my internet connection turned out to be.,
36,"Honestly, the museum exhibit made my day so much better.",
37,"I would recommend the new neighborhood to anyone, it's that good.",
38,my commute to work was a complete letdown from start to finish.,
39,We're still gathering more information about my new job.,
40,"Honestly, the school cafeteria made my day so much better.",
41,"Honestly, the conference I attended made my day so much better.",
42,"Honestly, the product packaging made my day so much better.",
43,"the weather forecast app did its job, though it wasn't particularly memorable.",
44,"I would not recommend the printer at the office to anyone, it was that bad.",
45,the delivery service has been causing nothing but problems lately.,
46,"the wifi at the airport turned out to be wonderful, I couldn't be happier.",
47,It took about an hour to deal with the school cafeteria.,
48,"I'm so glad we tried the customer support chat, it was a great decision.",
49,We checked out this app update and it was an average experience.,
50,"I loved the car rental experience, everything about it felt just right.",
51,"the grocery store checkout did its job, though it wasn't particularly memorable.",
52,the product packaging turned out to be a frustrating experience overall.,
53,"Honestly, this recipe ruined my whole afternoon.",
54,"I have mixed feelings about the hotel room, some parts were fine.",
55,"I would recommend the concert last weekend to anyone, it's that good.",
56,"the weather today was okay, nothing special but nothing terrible either.",
57,I don't have strong opinions about the podcast episode either way.,
58,"the movie we watched last night turned out to be wonderful, I couldn't be happier.",
59,"Honestly, the customer service team ruined my whole afternoon.",
60,"I would not recommend the new policy at work to anyone, it was that bad.",
61,We checked out the product packaging and it was an average experience.,
62,"I loved the new policy at work, everything about it felt just right.",
63,We're still gathering more information about the grocery store checkout.,
64,the new software release was a complete letdown from start to finish.,
65,We're still gathering more information about the gym instructor.,
66,It took about an hour to deal with the customer service team.,
67,the new neighborhood brought a smile to my face all day.,
68,"this restaurant seemed fine, I guess it depends on your expectations.",
69,"Honestly, the new phone I bought ruined my whole afternoon.",
70,"Honestly, our team meeting made my day so much better.",
71,It took about an hour to deal with the wifi at the airport.,
72,What a pleasant surprise the city traffic turned out to be.,
73,the new phone I bought was fantastic from start to finish.,
74,"our vacation trip turned out to be wonderful, I couldn't be happier.",
75,"Honestly, the printer at the office ruined my whole afternoon.",
76,"Honestly, my new job made my day so much better.",
77,"this book has been working perfectly, no complaints at all.",
78,"the printer at the office has been working perfectly, no complaints at all.",
79,"the conference I attended did its job, though it wasn't particularly memorable.",
80,the grocery store checkout turned out to be a frustrating experience overall.,
81,"I loved my commute to work, everything about it felt just right.",
82,What an unpleasant surprise this laptop turned out to be.,
83,our vacation trip has been causing nothing but problems lately.,
84,"I would not recommend our vacation trip to anyone, it was that bad.",
85,What an unpleasant surprise the exam results turned out to be.,
86,What a pleasant surprise this book turned out to be.,
87,"the online order seemed fine, I guess it depends on your expectations.",
88,the car rental experience was fantastic from start to finish.,
89,"the city traffic turned out to be wonderful, I couldn't be happier.",
90,"Honestly, the car rental experience ruined my whole afternoon.",
91,the delivery service turned out to be a frustrating experience overall.,
92,"I regret trying the concert last weekend, it wasn't worth the time.",
93,"the school cafeteria did its job, though it wasn't particularly memorable.",
94,the exam results was fantastic from start to finish.,
95,this book is scheduled to be reviewed again next month.,
96,the movie we watched last night left me feeling annoyed and let down.,
97,my roommate's cooking brought a smile to my face all day.,
98,"Honestly, the wifi at the airport made my day so much better.",
99,"my roommate's cooking has been working perfectly, no complaints at all.",
100,the new neighborhood is scheduled to be reviewed again next month.,
101,"I would not recommend the car rental experience to anyone, it was that bad.",
102,What a pleasant surprise this app update turned out to be.,
103,our team meeting left me feeling annoyed and let down.,
104,the gym I joined was a complete letdown from start to finish.,
105,the customer support chat turned out to be a frustrating experience overall.,
106,this restaurant was fantastic from start to finish.,
107,"the product packaging did its job, though it wasn't particularly memorable.",
108,"the gym instructor turned out to be wonderful, I couldn't be happier.",
109,What a pleasant surprise the new software release turned out to be.,
110,"Honestly, the coffee shop downtown ruined my whole afternoon.",
111,What a pleasant surprise the product packaging turned out to be.,
112,"the weather forecast app is pretty much what I expected, nothing more.",
113,"Honestly, this recipe made my day so much better.",
114,the product packaging is scheduled to be reviewed again next month.,
115,the new policy at work is scheduled to be reviewed again next month.,
116,We're still gathering more information about this book.,
117,What an unpleasant surprise the new phone I bought turned out to be.,
118,"the coffee shop downtown did its job, though it wasn't particularly memorable.",
119,What an unpleasant surprise the product packaging turned out to be.,
120,"the museum exhibit seemed fine, I guess it depends on your expectations.",
121,the hotel room has been causing nothing but problems lately.,
122,It took about an hour to deal with my internet connection.,
123,"I would not recommend my roommate's cooking to anyone, it was that bad.",
124,this restaurant left me feeling annoyed and let down.,
125,"I have mixed feelings about the museum exhibit, some parts were fine.",
126,We checked out the city traffic and it was an average experience.,
127,this book has been causing nothing but problems lately.,
128,the wifi at the airport has been causing nothing but problems lately.,
129,the weather forecast app was fantastic from start to finish.,
130,I wish we had never bothered with my commute to work.,
131,"Honestly, this book ruined my whole afternoon.",
132,"I'm so glad we tried the online order, it was a great decision.",
133,the online order was fantastic from start to finish.,
134,"I have mixed feelings about the car rental experience, some parts were fine.",
135,"I'm really disappointed with this laptop, it fell short of what I expected.",
136,It took about an hour to deal with the podcast episode.,
137,We checked out the delivery service and it was an average experience.,
138,the gym I joined turned out to be a frustrating experience overall.,
139,the online course was a complete letdown from start to finish.,
140,It took about an hour to deal with this restaurant.,
141,"I have mixed feelings about the new policy at work, some parts were fine.",
142,"the hotel room has been working perfectly, no complaints at all.",
143,"I regret trying the weather forecast app, it wasn't worth the time.",
144,I don't have strong opinions about the new policy at work either way.,
145,"the wifi at the airport seemed fine, I guess it depends on your expectations.",
146,"I'm really impressed with the online order, it exceeded my expectations.",
147,"the city traffic seemed fine, I guess it depends on your expectations.",
148,"I would not recommend our team meeting to anyone, it was that bad.",
149,the delivery service left me feeling annoyed and let down.,
150,"I'm so glad we tried the school cafeteria, it was a great decision.",
